id;name;provision_time;node_identifier;unicast_adress;features;app_key
1;navigate repurpose;2019-10-17T18:41:40;navigate Oklahoma;42422;24872;array supply-chains Advanced
2;Parkway Handmade Wooden Cheese;2019-10-17T17:52:40;payment synthesize Idaho;96217;40022;Glen Refined
3;Mandatory Assistant;2019-10-17T20:24:24;Designer Incredible Fresh Car Tuvalu;99296;91911;Optional
4;Associate Central African Republic Savings Account;2019-10-17T04:00:02;Wells;62755;69692;iterate protocol
5;web-enabled Brand Regional;2019-10-17T09:45:46;Money Market Account;27738;16967;withdrawal
6;one-to-one Indiana;2019-10-17T18:49:58;Engineer Architect;69816;3231;dynamic schemas
7;Pound Sterling Keyboard;2019-10-16T22:50:11;parsing;94979;41663;New Mexico District Unbranded
8;EXE Rustic Steel Shirt drive;2019-10-17T01:14:43;Strategist Shirt;59413;74957;redefine transmitting
9;bypassing Bypass;2019-10-17T10:44:34;24/7;5637;7535;New Taiwan Dollar Zimbabwe parse
10;Monaco input Accounts;2019-10-17T00:18:26;Ergonomic Falls;12915;25144;mission-critical white SMTP
